<lfm status="ok">
    <topalbums artist="Joaquín Sabina" page="1" perPage="50" totalPages="165" total="8235">
        <album>
            <name>Nos Sobran Los Motivos</name>
            <playcount>893079</playcount>
            <url>https://www.last.fm/music/Joaqu%C3%ADn+Sabina/Nos+Sobran+Los+Motivos</url>
            <artist>
                <name>Joaquín Sabina</name>
                <mbid>a992aada-7108-455d-9747-0b7b6a089e8d</mbid>
                <url>https://www.last.fm/music/Joaqu%C3%ADn+Sabina</url>
            </artist>
            <image size="small">https://lastfm.freetls.fastly.net/i/u/34s/ed056b70ade449a1bde44096bb91d174.png</image>
            <image size="medium">https://lastfm.freetls.fastly.net/i/u/64s/ed056b70ade449a1bde44096bb91d174.png</image>
            <image size="large">https://lastfm.freetls.fastly.net/i/u/174s/ed056b70ade449a1bde44096bb91d174.png</image>
            <image size="extralarge">https://lastfm.freetls.fastly.net/i/u/300x300/ed056b70ade449a1bde44096bb91d174.png</image>
        </album>
        <album>
            <name>19 Días y 500 Noches</name>
            <playcount>590252</playcount>
            <url>https://www.last.fm/music/Joaqu%C3%ADn+Sabina/19+D%C3%ADas+y+500+Noches</url>
            <artist>
                <name>Joaquín Sabina</name>
                <mbid>a992aada-7108-455d-9747-0b7b6a089e8d</mbid>
                <url>https://www.last.fm/music/Joaqu%C3%ADn+Sabina</url>
            </artist>
            <image size="small">https://lastfm.freetls.fastly.net/i/u/34s/8c01b5e6f90c4bb5cb0e5826e2ba4e79.png</image>
            <image size="medium">https://lastfm.freetls.fastly.net/i/u/64s/8c01b5e6f90c4bb5cb0e5826e2ba4e79.png</image>
            <image size="large">https://lastfm.freetls.fastly.net/i/u/174s/8c01b5e6f90c4bb5cb0e5826e2ba4e79.png</image>
            <image size="extralarge">https://lastfm.freetls.fastly.net/i/u/300x300/8c01b5e6f90c4bb5cb0e5826e2ba4e79.png</image>
        </album>
        <album>
            <name>Fisica Y Quimica</name>
            <playcount>347915</playcount>
            <url>https://www.last.fm/music/Joaqu%C3%ADn+Sabina/Fisica+Y+Quimica</url>
            <artist>
                <name>Joaquín Sabina</name>
                <mbid>a992aada-7108-455d-9747-0b7b6a089e8d</mbid>
                <url>https://www.last.fm/music/Joaqu%C3%ADn+Sabina</url>
            </artist>
            <image size="small">https://lastfm.freetls.fastly.net/i/u/34s/eef9087b63e1aa5208808080ff0664bc.png</image>
            <image size="medium">https://lastfm.freetls.fastly.net/i/u/64s/eef9087b63e1aa5208808080ff0664bc.png</image>
            <image size="large">https://lastfm.freetls.fastly.net/i/u/174s/eef9087b63e1aa5208808080ff0664bc.png</image>
            <image size="extralarge">https://lastfm.freetls.fastly.net/i/u/300x300/eef9087b63e1aa5208808080ff0664bc.png</image>
        </album>
        <album>
            <name>Yo, mi, me, contigo</name>
            <playcount>350337</playcount>
            <mbid>ecb846fb-4629-419f-86ba-57f74502a083</mbid>
            <url>https://www.last.fm/music/Joaqu%C3%ADn+Sabina/Yo,+mi,+me,+contigo</url>
            <artist>
                <name>Joaquín Sabina</name>
                <mbid>a992aada-7108-455d-9747-0b7b6a089e8d</mbid>
                <url>https://www.last.fm/music/Joaqu%C3%ADn+Sabina</url>
            </artist>
            <image size="small">https://lastfm.freetls.fastly.net/i/u/34s/6b066c22736530ffb1e33c51a2e615de.png</image>
            <image size="medium">https://lastfm.freetls.fastly.net/i/u/64s/6b066c22736530ffb1e33c51a2e615de.png</image>
            <image size="large">https://lastfm.freetls.fastly.net/i/u/174s/6b066c22736530ffb1e33c51a2e615de.png</image>
            <image size="extralarge">https://lastfm.freetls.fastly.net/i/u/300x300/6b066c22736530ffb1e33c51a2e615de.png</image>
        </album>
        <album>
            <name>Esta Boca es Mía</name>
            <playcount>376821</playcount>
            <mbid>715c5e2d-ccb8-4523-886d-a191bf0b1f1c</mbid>
            <url>https://www.last.fm/music/Joaqu%C3%ADn+Sabina/Esta+Boca+es+M%C3%ADa</url>
            <artist>
                <name>Joaquín Sabina</name>
                <mbid>a992aada-7108-455d-9747-0b7b6a089e8d</mbid>
                <url>https://www.last.fm/music/Joaqu%C3%ADn+Sabina</url>
            </artist>
            <image size="small">https://lastfm.freetls.fastly.net/i/u/34s/5ff9329dc62f4831c8156c8faa9ff9b2.png</image>
            <image size="medium">https://lastfm.freetls.fastly.net/i/u/64s/5ff9329dc62f4831c8156c8faa9ff9b2.png</image>
            <image size="large">https://lastfm.freetls.fastly.net/i/u/174s/5ff9329dc62f4831c8156c8faa9ff9b2.png</image>
            <image size="extralarge">https://lastfm.freetls.fastly.net/i/u/300x300/5ff9329dc62f4831c8156c8faa9ff9b2.png</image>
        </album>
        <album>
            <name>Dímelo en la Calle</name>
            <playcount>344579</playcount>
            <mbid>1c769c3b-3e74-45cc-a568-2084f623c6c3</mbid>
            <url>https://www.last.fm/music/Joaqu%C3%ADn+Sabina/D%C3%ADmelo+en+la+Calle</url>
            <artist>
                <name>Joaquín Sabina</name>
                <mbid>a992aada-7108-455d-9747-0b7b6a089e8d</mbid>
                <url>https://www.last.fm/music/Joaqu%C3%ADn+Sabina</url>
            </artist>
            <image size="small">https://lastfm.freetls.fastly.net/i/u/34s/4b24747996184046f052c8f09e4cb58b.png</image>
            <image size="medium">https://lastfm.freetls.fastly.net/i/u/64s/4b24747996184046f052c8f09e4cb58b.png</image>
            <image size="large">https://lastfm.freetls.fastly.net/i/u/174s/4b24747996184046f052c8f09e4cb58b.png</image>
            <image size="extralarge">https://lastfm.freetls.fastly.net/i/u/300x300/4b24747996184046f052c8f09e4cb58b.png</image>
        </album>
        <album>
            <name>Alivio de Luto</name>
            <playcount>332466</playcount>
            <mbid>9e4b850d-b01d-46ee-9bd3-324e76ab75d8</mbid>
            <url>https://www.last.fm/music/Joaqu%C3%ADn+Sabina/Alivio+de+Luto</url>
            <artist>
                <name>Joaquín Sabina</name>
                <mbid>a992aada-7108-455d-9747-0b7b6a089e8d</mbid>
                <url>https://www.last.fm/music/Joaqu%C3%ADn+Sabina</url>
            </artist>
            <image size="small">https://lastfm.freetls.fastly.net/i/u/34s/294b3a2f29dc405480d24ccd41bcffd9.png</image>
            <image size="medium">https://lastfm.freetls.fastly.net/i/u/64s/294b3a2f29dc405480d24ccd41bcffd9.png</image>
            <image size="large">https://lastfm.freetls.fastly.net/i/u/174s/294b3a2f29dc405480d24ccd41bcffd9.png</image>
            <image size="extralarge">https://lastfm.freetls.fastly.net/i/u/300x300/294b3a2f29dc405480d24ccd41bcffd9.png</image>
        </album>
        <album>
            <name>Mentiras Piadosas</name>
            <playcount>264205</playcount>
            <mbid>19ba960d-537e-36cd-919a-47e48e55a95e</mbid>
            <url>https://www.last.fm/music/Joaqu%C3%ADn+Sabina/Mentiras+Piadosas</url>
            <artist>
                <name>Joaquín Sabina</name>
                <mbid>a992aada-7108-455d-9747-0b7b6a089e8d</mbid>
                <url>https://www.last.fm/music/Joaqu%C3%ADn+Sabina</url>
            </artist>
            <image size="small">https://lastfm.freetls.fastly.net/i/u/34s/f5888f8f94e42bfa70a36363e67940d0.png</image>
            <image size="medium">https://lastfm.freetls.fastly.net/i/u/64s/f5888f8f94e42bfa70a36363e67940d0.png</image>
            <image size="large">https://lastfm.freetls.fastly.net/i/u/174s/f5888f8f94e42bfa70a36363e67940d0.png</image>
            <image size="extralarge">https://lastfm.freetls.fastly.net/i/u/300x300/f5888f8f94e42bfa70a36363e67940d0.png</image>
        </album>
        <album>
            <name>Malas Compañías</name>
            <playcount>125507</playcount>
            <mbid>89ecf8cc-7d9f-4554-bf73-a74d39581314</mbid>
            <url>https://www.last.fm/music/Joaqu%C3%ADn+Sabina/Malas+Compa%C3%B1%C3%ADas</url>
            <artist>
                <name>Joaquín Sabina</name>
                <mbid>a992aada-7108-455d-9747-0b7b6a089e8d</mbid>
                <url>https://www.last.fm/music/Joaqu%C3%ADn+Sabina</url>
            </artist>
            <image size="small">https://lastfm.freetls.fastly.net/i/u/34s/ef48eb2c8c253b564e316b30b0d90858.png</image>
            <image size="medium">https://lastfm.freetls.fastly.net/i/u/64s/ef48eb2c8c253b564e316b30b0d90858.png</image>
            <image size="large">https://lastfm.freetls.fastly.net/i/u/174s/ef48eb2c8c253b564e316b30b0d90858.png</image>
            <image size="extralarge">https://lastfm.freetls.fastly.net/i/u/300x300/ef48eb2c8c253b564e316b30b0d90858.png</image>
        </album>
        <album>
            <name>Hotel, Dulce Hotel</name>
            <playcount>162559</playcount>
            <mbid>a1678767-c0e2-3462-bfe7-e2f61b8f2d8d</mbid>
            <url>https://www.last.fm/music/Joaqu%C3%ADn+Sabina/Hotel,+Dulce+Hotel</url>
            <artist>
                <name>Joaquín Sabina</name>
                <mbid>a992aada-7108-455d-9747-0b7b6a089e8d</mbid>
                <url>https://www.last.fm/music/Joaqu%C3%ADn+Sabina</url>
            </artist>
            <image size="small">https://lastfm.freetls.fastly.net/i/u/34s/f0a2c4c75fa04cc6bf3a924ead5b4d4e.png</image>
            <image size="medium">https://lastfm.freetls.fastly.net/i/u/64s/f0a2c4c75fa04cc6bf3a924ead5b4d4e.png</image>
            <image size="large">https://lastfm.freetls.fastly.net/i/u/174s/f0a2c4c75fa04cc6bf3a924ead5b4d4e.png</image>
            <image size="extralarge">https://lastfm.freetls.fastly.net/i/u/300x300/f0a2c4c75fa04cc6bf3a924ead5b4d4e.png</image>
        </album>
        <album>
            <name>Diario De Un Peaton</name>
            <playcount>146917</playcount>
            <url>https://www.last.fm/music/Joaqu%C3%ADn+Sabina/Diario+De+Un+Peaton</url>
            <artist>
                <name>Joaquín Sabina</name>
                <mbid>a992aada-7108-455d-9747-0b7b6a089e8d</mbid>
                <url>https://www.last.fm/music/Joaqu%C3%ADn+Sabina</url>
            </artist>
            <image size="small">https://lastfm.freetls.fastly.net/i/u/34s/c2a6df28ee90077bea39ba667145274d.png</image>
            <image size="medium">https://lastfm.freetls.fastly.net/i/u/64s/c2a6df28ee90077bea39ba667145274d.png</image>
            <image size="large">https://lastfm.freetls.fastly.net/i/u/174s/c2a6df28ee90077bea39ba667145274d.png</image>
            <image size="extralarge">https://lastfm.freetls.fastly.net/i/u/300x300/c2a6df28ee90077bea39ba667145274d.png</image>
        </album>
        <album>
            <name>Vinagre Y Rosas</name>
            <playcount>420366</playcount>
            <mbid>9b5e8d46-e2da-4938-a13d-7c02ad5919ad</mbid>
            <url>https://www.last.fm/music/Joaqu%C3%ADn+Sabina/Vinagre+Y+Rosas</url>
            <artist>
                <name>Joaquín Sabina</name>
                <mbid>a992aada-7108-455d-9747-0b7b6a089e8d</mbid>
                <url>https://www.last.fm/music/Joaqu%C3%ADn+Sabina</url>
            </artist>
            <image size="small">https://lastfm.freetls.fastly.net/i/u/34s/2e0160b54ad742dcb50fd7b7ef657aea.png</image>
            <image size="medium">https://lastfm.freetls.fastly.net/i/u/64s/2e0160b54ad742dcb50fd7b7ef657aea.png</image>
            <image size="large">https://lastfm.freetls.fastly.net/i/u/174s/2e0160b54ad742dcb50fd7b7ef657aea.png</image>
            <image size="extralarge">https://lastfm.freetls.fastly.net/i/u/300x300/2e0160b54ad742dcb50fd7b7ef657aea.png</image>
        </album>
        <album>
            <name>En Directo</name>
            <playcount>74935</playcount>
            <url>https://www.last.fm/music/Joaqu%C3%ADn+Sabina/En+Directo</url>
            <artist>
                <name>Joaquín Sabina</name>
                <mbid>a992aada-7108-455d-9747-0b7b6a089e8d</mbid>
                <url>https://www.last.fm/music/Joaqu%C3%ADn+Sabina</url>
            </artist>
            <image size="small">https://lastfm.freetls.fastly.net/i/u/34s/13d16e56e8852a55909c2aeea91bdf87.png</image>
            <image size="medium">https://lastfm.freetls.fastly.net/i/u/64s/13d16e56e8852a55909c2aeea91bdf87.png</image>
            <image size="large">https://lastfm.freetls.fastly.net/i/u/174s/13d16e56e8852a55909c2aeea91bdf87.png</image>
            <image size="extralarge">https://lastfm.freetls.fastly.net/i/u/300x300/13d16e56e8852a55909c2aeea91bdf87.png</image>
        </album>
        <album>
            <name>El Hombre Del Traje Gris</name>
            <playcount>174776</playcount>
            <mbid>dab2b276-349a-414c-b58d-c3f8bcf0eac9</mbid>
            <url>https://www.last.fm/music/Joaqu%C3%ADn+Sabina/El+Hombre+Del+Traje+Gris</url>
            <artist>
                <name>Joaquín Sabina</name>
                <mbid>a992aada-7108-455d-9747-0b7b6a089e8d</mbid>
                <url>https://www.last.fm/music/Joaqu%C3%ADn+Sabina</url>
            </artist>
            <image size="small">https://lastfm.freetls.fastly.net/i/u/34s/516477656be64adfca9323e52964f14a.png</image>
            <image size="medium">https://lastfm.freetls.fastly.net/i/u/64s/516477656be64adfca9323e52964f14a.png</image>
            <image size="large">https://lastfm.freetls.fastly.net/i/u/174s/516477656be64adfca9323e52964f14a.png</image>
            <image size="extralarge">https://lastfm.freetls.fastly.net/i/u/300x300/516477656be64adfca9323e52964f14a.png</image>
        </album>
        <album>
            <name>Esencial Joaquin Sabina</name>
            <playcount>200048</playcount>
            <url>https://www.last.fm/music/Joaqu%C3%ADn+Sabina/Esencial+Joaquin+Sabina</url>
            <artist>
                <name>Joaquín Sabina</name>
                <mbid>a992aada-7108-455d-9747-0b7b6a089e8d</mbid>
                <url>https://www.last.fm/music/Joaqu%C3%ADn+Sabina</url>
            </artist>
            <image size="small">https://lastfm.freetls.fastly.net/i/u/34s/8517df4ced051816eeeb5d4d6195fcea.png</image>
            <image size="medium">https://lastfm.freetls.fastly.net/i/u/64s/8517df4ced051816eeeb5d4d6195fcea.png</image>
            <image size="large">https://lastfm.freetls.fastly.net/i/u/174s/8517df4ced051816eeeb5d4d6195fcea.png</image>
            <image size="extralarge">https://lastfm.freetls.fastly.net/i/u/300x300/8517df4ced051816eeeb5d4d6195fcea.png</image>
        </album>
        <album>
            <name>Física y Química</name>
            <playcount>177645</playcount>
            <mbid>c8b3865f-e68a-41d5-a8f4-a5a2f0516709</mbid>
            <url>https://www.last.fm/music/Joaqu%C3%ADn+Sabina/F%C3%ADsica+y+Qu%C3%ADmica</url>
            <artist>
                <name>Joaquín Sabina</name>
                <mbid>a992aada-7108-455d-9747-0b7b6a089e8d</mbid>
                <url>https://www.last.fm/music/Joaqu%C3%ADn+Sabina</url>
            </artist>
            <image size="small">https://lastfm.freetls.fastly.net/i/u/34s/8d9c8d8ae86944b2c49392a7c23bd04f.png</image>
            <image size="medium">https://lastfm.freetls.fastly.net/i/u/64s/8d9c8d8ae86944b2c49392a7c23bd04f.png</image>
            <image size="large">https://lastfm.freetls.fastly.net/i/u/174s/8d9c8d8ae86944b2c49392a7c23bd04f.png</image>
            <image size="extralarge">https://lastfm.freetls.fastly.net/i/u/300x300/8d9c8d8ae86944b2c49392a7c23bd04f.png</image>
        </album>
        <album>
            <name>Inventario</name>
            <playcount>76185</playcount>
            <mbid>e165ec2c-d827-42ae-95e1-2e5599abb7fc</mbid>
            <url>https://www.last.fm/music/Joaqu%C3%ADn+Sabina/Inventario</url>
            <artist>
                <name>Joaquín Sabina</name>
                <mbid>a992aada-7108-455d-9747-0b7b6a089e8d</mbid>
                <url>https://www.last.fm/music/Joaqu%C3%ADn+Sabina</url>
            </artist>
            <image size="small">https://lastfm.freetls.fastly.net/i/u/34s/e3f4d40e7103f86e2641d9b3237c7b4d.png</image>
            <image size="medium">https://lastfm.freetls.fastly.net/i/u/64s/e3f4d40e7103f86e2641d9b3237c7b4d.png</image>
            <image size="large">https://lastfm.freetls.fastly.net/i/u/174s/e3f4d40e7103f86e2641d9b3237c7b4d.png</image>
            <image size="extralarge">https://lastfm.freetls.fastly.net/i/u/300x300/e3f4d40e7103f86e2641d9b3237c7b4d.png</image>
        </album>
        <album>
            <name>Mucho Sabina</name>
            <playcount>51835</playcount>
            <mbid>35414738-cc00-4848-8a77-57320fd8e0ab</mbid>
            <url>https://www.last.fm/music/Joaqu%C3%ADn+Sabina/Mucho+Sabina</url>
            <artist>
                <name>Joaquín Sabina</name>
                <mbid>a992aada-7108-455d-9747-0b7b6a089e8d</mbid>
                <url>https://www.last.fm/music/Joaqu%C3%ADn+Sabina</url>
            </artist>
            <image size="small">https://lastfm.freetls.fastly.net/i/u/34s/579504a0430f4e6ba7b0708075eec42e.png</image>
            <image size="medium">https://lastfm.freetls.fastly.net/i/u/64s/579504a0430f4e6ba7b0708075eec42e.png</image>
            <image size="large">https://lastfm.freetls.fastly.net/i/u/174s/579504a0430f4e6ba7b0708075eec42e.png</image>
            <image size="extralarge">https://lastfm.freetls.fastly.net/i/u/300x300/579504a0430f4e6ba7b0708075eec42e.png</image>
        </album>
        <album>
            <name>Ruleta Rusa</name>
            <playcount>72299</playcount>
            <mbid>c8480bf4-516f-43a5-92b2-b1785666c8da</mbid>
            <url>https://www.last.fm/music/Joaqu%C3%ADn+Sabina/Ruleta+Rusa</url>
            <artist>
                <name>Joaquín Sabina</name>
                <mbid>a992aada-7108-455d-9747-0b7b6a089e8d</mbid>
                <url>https://www.last.fm/music/Joaqu%C3%ADn+Sabina</url>
            </artist>
            <image size="small">https://lastfm.freetls.fastly.net/i/u/34s/c7f7ecf469bb8e9e2634f96cc7aa5b25.png</image>
            <image size="medium">https://lastfm.freetls.fastly.net/i/u/64s/c7f7ecf469bb8e9e2634f96cc7aa5b25.png</image>
            <image size="large">https://lastfm.freetls.fastly.net/i/u/174s/c7f7ecf469bb8e9e2634f96cc7aa5b25.png</image>
            <image size="extralarge">https://lastfm.freetls.fastly.net/i/u/300x300/c7f7ecf469bb8e9e2634f96cc7aa5b25.png</image>
        </album>
        <album>
            <name>Juez y Parte</name>
            <playcount>100300</playcount>
            <url>https://www.last.fm/music/Joaqu%C3%ADn+Sabina/Juez+y+Parte</url>
            <artist>
                <name>Joaquín Sabina</name>
                <mbid>a992aada-7108-455d-9747-0b7b6a089e8d</mbid>
                <url>https://www.last.fm/music/Joaqu%C3%ADn+Sabina</url>
            </artist>
            <image size="small">https://lastfm.freetls.fastly.net/i/u/34s/d6296cbbfe194f235632fd41cdfeaa04.png</image>
            <image size="medium">https://lastfm.freetls.fastly.net/i/u/64s/d6296cbbfe194f235632fd41cdfeaa04.png</image>
            <image size="large">https://lastfm.freetls.fastly.net/i/u/174s/d6296cbbfe194f235632fd41cdfeaa04.png</image>
            <image size="extralarge">https://lastfm.freetls.fastly.net/i/u/300x300/d6296cbbfe194f235632fd41cdfeaa04.png</image>
        </album>
        <album>
            <name>Lo Niego Todo</name>
            <playcount>97269</playcount>
            <url>https://www.last.fm/music/Joaqu%C3%ADn+Sabina/Lo+Niego+Todo</url>
            <artist>
                <name>Joaquín Sabina</name>
                <mbid>a992aada-7108-455d-9747-0b7b6a089e8d</mbid>
                <url>https://www.last.fm/music/Joaqu%C3%ADn+Sabina</url>
            </artist>
            <image size="small">https://lastfm.freetls.fastly.net/i/u/34s/fd7f7a6b6f62543923911f9691b08165.png</image>
            <image size="medium">https://lastfm.freetls.fastly.net/i/u/64s/fd7f7a6b6f62543923911f9691b08165.png</image>
            <image size="large">https://lastfm.freetls.fastly.net/i/u/174s/fd7f7a6b6f62543923911f9691b08165.png</image>
            <image size="extralarge">https://lastfm.freetls.fastly.net/i/u/300x300/fd7f7a6b6f62543923911f9691b08165.png</image>
        </album>
        <album>
            <name>500 Noches para una Crisis (En Directo)</name>
            <playcount>94874</playcount>
            <url>https://www.last.fm/music/Joaqu%C3%ADn+Sabina/500+Noches+para+una+Crisis+(En+Directo)</url>
            <artist>
                <name>Joaquín Sabina</name>
                <mbid>a992aada-7108-455d-9747-0b7b6a089e8d</mbid>
                <url>https://www.last.fm/music/Joaqu%C3%ADn+Sabina</url>
            </artist>
            <image size="small">https://lastfm.freetls.fastly.net/i/u/34s/2a3ff1301210416ac1a6e9bce5e2942d.png</image>
            <image size="medium">https://lastfm.freetls.fastly.net/i/u/64s/2a3ff1301210416ac1a6e9bce5e2942d.png</image>
            <image size="large">https://lastfm.freetls.fastly.net/i/u/174s/2a3ff1301210416ac1a6e9bce5e2942d.png</image>
            <image size="extralarge">https://lastfm.freetls.fastly.net/i/u/300x300/2a3ff1301210416ac1a6e9bce5e2942d.png</image>
        </album>
        <album>
            <name>19 Dias y 500 Noches</name>
            <playcount>43323</playcount>
            <mbid>1483f80b-e3d7-4172-a946-e52a8164725e</mbid>
            <url>https://www.last.fm/music/JOAQU%C3%8DN+SABINA/19+Dias+y+500+Noches</url>
            <artist>
                <name>Joaquín Sabina</name>
                <mbid>a992aada-7108-455d-9747-0b7b6a089e8d</mbid>
                <url>https://www.last.fm/music/Joaqu%C3%ADn+Sabina</url>
            </artist>
            <image size="small">https://lastfm.freetls.fastly.net/i/u/34s/26314b6f90ca4241c222a63750902123.png</image>
            <image size="medium">https://lastfm.freetls.fastly.net/i/u/64s/26314b6f90ca4241c222a63750902123.png</image>
            <image size="large">https://lastfm.freetls.fastly.net/i/u/174s/26314b6f90ca4241c222a63750902123.png</image>
            <image size="extralarge">https://lastfm.freetls.fastly.net/i/u/300x300/26314b6f90ca4241c222a63750902123.png</image>
        </album>
        <album>
            <name>Esta Boca Es Mia</name>
            <playcount>26780</playcount>
            <url>https://www.last.fm/music/Joaqu%C3%ADn+Sabina/Esta+Boca+Es+Mia</url>
            <artist>
                <name>Joaquín Sabina</name>
                <mbid>a992aada-7108-455d-9747-0b7b6a089e8d</mbid>
                <url>https://www.last.fm/music/Joaqu%C3%ADn+Sabina</url>
            </artist>
            <image size="small">https://lastfm.freetls.fastly.net/i/u/34s/a555fedca5305fc41715caf892a2c95e.png</image>
            <image size="medium">https://lastfm.freetls.fastly.net/i/u/64s/a555fedca5305fc41715caf892a2c95e.png</image>
            <image size="large">https://lastfm.freetls.fastly.net/i/u/174s/a555fedca5305fc41715caf892a2c95e.png</image>
            <image size="extralarge">https://lastfm.freetls.fastly.net/i/u/300x300/a555fedca5305fc41715caf892a2c95e.png</image>
        </album>
        <album>
            <name>Parece Que Fue Ayer</name>
            <playcount>31950</playcount>
            <url>https://www.last.fm/music/Joaqu%C3%ADn+Sabina/Parece+Que+Fue+Ayer</url>
            <artist>
                <name>Joaquín Sabina</name>
                <mbid>a992aada-7108-455d-9747-0b7b6a089e8d</mbid>
                <url>https://www.last.fm/music/Joaqu%C3%ADn+Sabina</url>
            </artist>
            <image size="small">https://lastfm.freetls.fastly.net/i/u/34s/fba102f4f0fd4ec7a623230a7decd9d1.png</image>
            <image size="medium">https://lastfm.freetls.fastly.net/i/u/64s/fba102f4f0fd4ec7a623230a7decd9d1.png</image>
            <image size="large">https://lastfm.freetls.fastly.net/i/u/174s/fba102f4f0fd4ec7a623230a7decd9d1.png</image>
            <image size="extralarge">https://lastfm.freetls.fastly.net/i/u/300x300/fba102f4f0fd4ec7a623230a7decd9d1.png</image>
        </album>
        <album>
            <name>Entre Todas las Mujeres</name>
            <playcount>39320</playcount>
            <url>https://www.last.fm/music/Joaqu%C3%ADn+Sabina/Entre+Todas+las+Mujeres</url>
            <artist>
                <name>Joaquín Sabina</name>
                <mbid>a992aada-7108-455d-9747-0b7b6a089e8d</mbid>
                <url>https://www.last.fm/music/Joaqu%C3%ADn+Sabina</url>
            </artist>
            <image size="small">https://lastfm.freetls.fastly.net/i/u/34s/1ac4fc4b1d9a452396717484fd3cdd24.png</image>
            <image size="medium">https://lastfm.freetls.fastly.net/i/u/64s/1ac4fc4b1d9a452396717484fd3cdd24.png</image>
            <image size="large">https://lastfm.freetls.fastly.net/i/u/174s/1ac4fc4b1d9a452396717484fd3cdd24.png</image>
            <image size="extralarge">https://lastfm.freetls.fastly.net/i/u/300x300/1ac4fc4b1d9a452396717484fd3cdd24.png</image>
        </album>
        <album>
            <name>Diario de un peatón</name>
            <playcount>52334</playcount>
            <mbid>3dbfb27b-619b-434f-a6fc-543a98ffed7f</mbid>
            <url>https://www.last.fm/music/Joaqu%C3%ADn+Sabina/Diario+de+un+peat%C3%B3n</url>
            <artist>
                <name>Joaquín Sabina</name>
                <mbid>a992aada-7108-455d-9747-0b7b6a089e8d</mbid>
                <url>https://www.last.fm/music/Joaqu%C3%ADn+Sabina</url>
            </artist>
            <image size="small">https://lastfm.freetls.fastly.net/i/u/34s/5b5fc722587c490b879e0df1f55dca66.png</image>
            <image size="medium">https://lastfm.freetls.fastly.net/i/u/64s/5b5fc722587c490b879e0df1f55dca66.png</image>
            <image size="large">https://lastfm.freetls.fastly.net/i/u/174s/5b5fc722587c490b879e0df1f55dca66.png</image>
            <image size="extralarge">https://lastfm.freetls.fastly.net/i/u/300x300/5b5fc722587c490b879e0df1f55dca66.png</image>
        </album>
        <album>
            <name>Pongamos que Hablo De Madrid</name>
            <playcount>15714</playcount>
            <mbid>a6345d4d-154e-40ad-ac62-ab1c33e962de</mbid>
            <url>https://www.last.fm/music/Joaqu%C3%ADn+Sabina/Pongamos+que+Hablo+De+Madrid</url>
            <artist>
                <name>Joaquín Sabina</name>
                <mbid>a992aada-7108-455d-9747-0b7b6a089e8d</mbid>
                <url>https://www.last.fm/music/Joaqu%C3%ADn+Sabina</url>
            </artist>
            <image size="small">https://lastfm.freetls.fastly.net/i/u/34s/647d76b31efdd452da2d87bc24af1734.png</image>
            <image size="medium">https://lastfm.freetls.fastly.net/i/u/64s/647d76b31efdd452da2d87bc24af1734.png</image>
            <image size="large">https://lastfm.freetls.fastly.net/i/u/174s/647d76b31efdd452da2d87bc24af1734.png</image>
            <image size="extralarge">https://lastfm.freetls.fastly.net/i/u/300x300/647d76b31efdd452da2d87bc24af1734.png</image>
        </album>
        <album>
            <name>Enemigos Intimos</name>
            <playcount>25720</playcount>
            <url>https://www.last.fm/music/Joaqu%C3%ADn+Sabina/Enemigos+Intimos</url>
            <artist>
                <name>Joaquín Sabina</name>
                <mbid>a992aada-7108-455d-9747-0b7b6a089e8d</mbid>
                <url>https://www.last.fm/music/Joaqu%C3%ADn+Sabina</url>
            </artist>
            <image size="small"/>
            <image size="medium"/>
            <image size="large"/>
            <image size="extralarge"/>
        </album>
        <album>
            <name>Calle Melancolía</name>
            <playcount>15995</playcount>
            <url>https://www.last.fm/music/Joaqu%C3%ADn+Sabina/Calle+Melancol%C3%ADa</url>
            <artist>
                <name>Joaquín Sabina</name>
                <mbid>a992aada-7108-455d-9747-0b7b6a089e8d</mbid>
                <url>https://www.last.fm/music/Joaqu%C3%ADn+Sabina</url>
            </artist>
            <image size="small">https://lastfm.freetls.fastly.net/i/u/34s/4192339946444f5111e583cfae56aa33.png</image>
            <image size="medium">https://lastfm.freetls.fastly.net/i/u/64s/4192339946444f5111e583cfae56aa33.png</image>
            <image size="large">https://lastfm.freetls.fastly.net/i/u/174s/4192339946444f5111e583cfae56aa33.png</image>
            <image size="extralarge">https://lastfm.freetls.fastly.net/i/u/300x300/4192339946444f5111e583cfae56aa33.png</image>
        </album>
        <album>
            <name>title</name>
            <playcount>11032</playcount>
            <url>https://www.last.fm/music/Joaqu%C3%ADn+Sabina/title</url>
            <artist>
                <name>Joaquín Sabina</name>
                <mbid>a992aada-7108-455d-9747-0b7b6a089e8d</mbid>
                <url>https://www.last.fm/music/Joaqu%C3%ADn+Sabina</url>
            </artist>
            <image size="small"/>
            <image size="medium"/>
            <image size="large"/>
            <image size="extralarge"/>
        </album>
        <album>
            <name>Para Aute: Pasaba por Aquí (feat. Abel Pintos, Carlos Rivera, Dani Martin, Estopa, Ismael Serrano, Jorge Drexler, Pedro Guerra, Silvio Rodríguez, Vanesa Martin y Xoel López)</name>
            <playcount>4401</playcount>
            <url>https://www.last.fm/music/Joaqu%C3%ADn+Sabina/Para+Aute:+Pasaba+por+Aqu%C3%AD+(feat.+Abel+Pintos,+Carlos+Rivera,+Dani+Martin,+Estopa,+Ismael+Serrano,+Jorge+Drexler,+Pedro+Guerra,+Silvio+Rodr%C3%ADguez,+Vanesa+Martin+y+Xoel+L%C3%B3pez)</url>
            <artist>
                <name>Joaquín Sabina</name>
                <mbid>a992aada-7108-455d-9747-0b7b6a089e8d</mbid>
                <url>https://www.last.fm/music/Joaqu%C3%ADn+Sabina</url>
            </artist>
            <image size="small"/>
            <image size="medium"/>
            <image size="large"/>
            <image size="extralarge"/>
        </album>
        <album>
            <name>Motivos De Un Sentimiento</name>
            <playcount>5449</playcount>
            <url>https://www.last.fm/music/Joaqu%C3%ADn+Sabina/Motivos+De+Un+Sentimiento</url>
            <artist>
                <name>Joaquín Sabina</name>
                <mbid>a992aada-7108-455d-9747-0b7b6a089e8d</mbid>
                <url>https://www.last.fm/music/Joaqu%C3%ADn+Sabina</url>
            </artist>
            <image size="small">https://lastfm.freetls.fastly.net/i/u/34s/be25f5c9fc584843aed70c3c103f62ef.png</image>
            <image size="medium">https://lastfm.freetls.fastly.net/i/u/64s/be25f5c9fc584843aed70c3c103f62ef.png</image>
            <image size="large">https://lastfm.freetls.fastly.net/i/u/174s/be25f5c9fc584843aed70c3c103f62ef.png</image>
            <image size="extralarge">https://lastfm.freetls.fastly.net/i/u/300x300/be25f5c9fc584843aed70c3c103f62ef.png</image>
        </album>
        <album>
            <name>La Mandrágora</name>
            <playcount>20980</playcount>
            <url>https://www.last.fm/music/Joaqu%C3%ADn+Sabina/La+Mandr%C3%A1gora</url>
            <artist>
                <name>Joaquín Sabina</name>
                <mbid>a992aada-7108-455d-9747-0b7b6a089e8d</mbid>
                <url>https://www.last.fm/music/Joaqu%C3%ADn+Sabina</url>
            </artist>
            <image size="small">https://lastfm.freetls.fastly.net/i/u/34s/2395528ab00646e985d70c8792540a5b.png</image>
            <image size="medium">https://lastfm.freetls.fastly.net/i/u/64s/2395528ab00646e985d70c8792540a5b.png</image>
            <image size="large">https://lastfm.freetls.fastly.net/i/u/174s/2395528ab00646e985d70c8792540a5b.png</image>
            <image size="extralarge">https://lastfm.freetls.fastly.net/i/u/300x300/2395528ab00646e985d70c8792540a5b.png</image>
        </album>
        <album>
            <name>Nos Sobran Los Motivos (Acústico 1)</name>
            <playcount>14493</playcount>
            <url>https://www.last.fm/music/Joaqu%C3%ADn+Sabina/Nos+Sobran+Los+Motivos+(Ac%C3%BAstico+1)</url>
            <artist>
                <name>Joaquín Sabina</name>
                <mbid>a992aada-7108-455d-9747-0b7b6a089e8d</mbid>
                <url>https://www.last.fm/music/Joaqu%C3%ADn+Sabina</url>
            </artist>
            <image size="small"/>
            <image size="medium"/>
            <image size="large"/>
            <image size="extralarge"/>
        </album>
        <album>
            <name>Tiramisu de Limon</name>
            <playcount>7204</playcount>
            <url>https://www.last.fm/music/Joaqu%C3%ADn+Sabina/Tiramisu+de+Limon</url>
            <artist>
                <name>Joaquín Sabina</name>
                <mbid>a992aada-7108-455d-9747-0b7b6a089e8d</mbid>
                <url>https://www.last.fm/music/Joaqu%C3%ADn+Sabina</url>
            </artist>
            <image size="small"/>
            <image size="medium"/>
            <image size="large"/>
            <image size="extralarge"/>
        </album>
        <album>
            <name>Todos Hablan de Ti</name>
            <playcount>25772</playcount>
            <mbid>b83137bc-fc29-4264-971e-3c8f2fadf42a</mbid>
            <url>https://www.last.fm/music/Joaqu%C3%ADn+Sabina/Todos+Hablan+de+Ti</url>
            <artist>
                <name>Joaquín Sabina</name>
                <mbid>a992aada-7108-455d-9747-0b7b6a089e8d</mbid>
                <url>https://www.last.fm/music/Joaqu%C3%ADn+Sabina</url>
            </artist>
            <image size="small">https://lastfm.freetls.fastly.net/i/u/34s/6b2ca011456eec9f6ec6955ee6ec9bec.png</image>
            <image size="medium">https://lastfm.freetls.fastly.net/i/u/64s/6b2ca011456eec9f6ec6955ee6ec9bec.png</image>
            <image size="large">https://lastfm.freetls.fastly.net/i/u/174s/6b2ca011456eec9f6ec6955ee6ec9bec.png</image>
            <image size="extralarge">https://lastfm.freetls.fastly.net/i/u/300x300/6b2ca011456eec9f6ec6955ee6ec9bec.png</image>
        </album>
        <album>
            <name>Cosas Tuyas</name>
            <playcount>8787</playcount>
            <url>https://www.last.fm/music/Joaqu%C3%ADn+Sabina/Cosas+Tuyas</url>
            <artist>
                <name>Joaquín Sabina</name>
                <mbid>a992aada-7108-455d-9747-0b7b6a089e8d</mbid>
                <url>https://www.last.fm/music/Joaqu%C3%ADn+Sabina</url>
            </artist>
            <image size="small"/>
            <image size="medium"/>
            <image size="large"/>
            <image size="extralarge"/>
        </album>
        <album>
            <name>Dos Pajaros De Un Tiro</name>
            <playcount>8171</playcount>
            <url>https://www.last.fm/music/Joaqu%C3%ADn+Sabina/Dos+Pajaros+De+Un+Tiro</url>
            <artist>
                <name>Joaquín Sabina</name>
                <mbid>a992aada-7108-455d-9747-0b7b6a089e8d</mbid>
                <url>https://www.last.fm/music/Joaqu%C3%ADn+Sabina</url>
            </artist>
            <image size="small"/>
            <image size="medium"/>
            <image size="large"/>
            <image size="extralarge"/>
        </album>
        <album>
            <name>Sabina 70</name>
            <playcount>38920</playcount>
            <url>https://www.last.fm/music/Joaqu%C3%ADn+Sabina/Sabina+70</url>
            <artist>
                <name>Joaquín Sabina</name>
                <mbid>a992aada-7108-455d-9747-0b7b6a089e8d</mbid>
                <url>https://www.last.fm/music/Joaqu%C3%ADn+Sabina</url>
            </artist>
            <image size="small">https://lastfm.freetls.fastly.net/i/u/34s/f3fcbf7d81dfbeac7faef0b0842a8496.png</image>
            <image size="medium">https://lastfm.freetls.fastly.net/i/u/64s/f3fcbf7d81dfbeac7faef0b0842a8496.png</image>
            <image size="large">https://lastfm.freetls.fastly.net/i/u/174s/f3fcbf7d81dfbeac7faef0b0842a8496.png</image>
            <image size="extralarge">https://lastfm.freetls.fastly.net/i/u/300x300/f3fcbf7d81dfbeac7faef0b0842a8496.png</image>
        </album>
        <album>
            <name>Yo, mí, me, contigo</name>
            <playcount>15101</playcount>
            <url>https://www.last.fm/music/Joaqu%C3%ADn+Sabina/Yo,+m%C3%AD,+me,+contigo</url>
            <artist>
                <name>Joaquín Sabina</name>
                <mbid>a992aada-7108-455d-9747-0b7b6a089e8d</mbid>
                <url>https://www.last.fm/music/Joaqu%C3%ADn+Sabina</url>
            </artist>
            <image size="small">https://lastfm.freetls.fastly.net/i/u/34s/555ebcb7e7734d1b9521cdd4c5e894ea.png</image>
            <image size="medium">https://lastfm.freetls.fastly.net/i/u/64s/555ebcb7e7734d1b9521cdd4c5e894ea.png</image>
            <image size="large">https://lastfm.freetls.fastly.net/i/u/174s/555ebcb7e7734d1b9521cdd4c5e894ea.png</image>
            <image size="extralarge">https://lastfm.freetls.fastly.net/i/u/300x300/555ebcb7e7734d1b9521cdd4c5e894ea.png</image>
        </album>
        <album>
            <name>Concierto Salamanca</name>
            <playcount>13565</playcount>
            <mbid>2f642e9a-2884-40bf-aea3-075fb88abade</mbid>
            <url>https://www.last.fm/music/Joaqu%C3%ADn+Sabina/Concierto+Salamanca</url>
            <artist>
                <name>Joaquín Sabina</name>
                <mbid>a992aada-7108-455d-9747-0b7b6a089e8d</mbid>
                <url>https://www.last.fm/music/Joaqu%C3%ADn+Sabina</url>
            </artist>
            <image size="small">https://lastfm.freetls.fastly.net/i/u/34s/21572f75e1004283a3c5f610b98ba58d.png</image>
            <image size="medium">https://lastfm.freetls.fastly.net/i/u/64s/21572f75e1004283a3c5f610b98ba58d.png</image>
            <image size="large">https://lastfm.freetls.fastly.net/i/u/174s/21572f75e1004283a3c5f610b98ba58d.png</image>
            <image size="extralarge">https://lastfm.freetls.fastly.net/i/u/300x300/21572f75e1004283a3c5f610b98ba58d.png</image>
        </album>
        <album>
            <name>La Mandragora</name>
            <playcount>10120</playcount>
            <url>https://www.last.fm/music/Joaqu%C3%ADn+Sabina/La+Mandragora</url>
            <artist>
                <name>Joaquín Sabina</name>
                <mbid>a992aada-7108-455d-9747-0b7b6a089e8d</mbid>
                <url>https://www.last.fm/music/Joaqu%C3%ADn+Sabina</url>
            </artist>
            <image size="small">https://lastfm.freetls.fastly.net/i/u/34s/49c4a992b1da38f2f78b45631e051d8e.png</image>
            <image size="medium">https://lastfm.freetls.fastly.net/i/u/64s/49c4a992b1da38f2f78b45631e051d8e.png</image>
            <image size="large">https://lastfm.freetls.fastly.net/i/u/174s/49c4a992b1da38f2f78b45631e051d8e.png</image>
            <image size="extralarge">https://lastfm.freetls.fastly.net/i/u/300x300/49c4a992b1da38f2f78b45631e051d8e.png</image>
        </album>
        <album>
            <name>Cerrado por derribo</name>
            <playcount>3152</playcount>
            <url>https://www.last.fm/music/Joaqu%C3%ADn+Sabina/Cerrado+por+derribo</url>
            <artist>
                <name>Joaquín Sabina</name>
                <mbid>a992aada-7108-455d-9747-0b7b6a089e8d</mbid>
                <url>https://www.last.fm/music/Joaqu%C3%ADn+Sabina</url>
            </artist>
            <image size="small"/>
            <image size="medium"/>
            <image size="large"/>
            <image size="extralarge"/>
        </album>
        <album>
            <name>Juana La Loca Y Otros Grandes Éxitos</name>
            <playcount>7369</playcount>
            <url>https://www.last.fm/music/Joaqu%C3%ADn+Sabina/Juana+La+Loca+Y+Otros+Grandes+%C3%89xitos</url>
            <artist>
                <name>Joaquín Sabina</name>
                <mbid>a992aada-7108-455d-9747-0b7b6a089e8d</mbid>
                <url>https://www.last.fm/music/Joaqu%C3%ADn+Sabina</url>
            </artist>
            <image size="small">https://lastfm.freetls.fastly.net/i/u/34s/96f3eba7bbbf122ce0cab40cb280e54e.png</image>
            <image size="medium">https://lastfm.freetls.fastly.net/i/u/64s/96f3eba7bbbf122ce0cab40cb280e54e.png</image>
            <image size="large">https://lastfm.freetls.fastly.net/i/u/174s/96f3eba7bbbf122ce0cab40cb280e54e.png</image>
            <image size="extralarge">https://lastfm.freetls.fastly.net/i/u/300x300/96f3eba7bbbf122ce0cab40cb280e54e.png</image>
        </album>
        <album>
            <name>(null)</name>
            <playcount>15807</playcount>
            <url>https://www.last.fm/music/Joaqu%C3%ADn+Sabina/(null)</url>
            <artist>
                <name>Joaquín Sabina</name>
                <mbid>a992aada-7108-455d-9747-0b7b6a089e8d</mbid>
                <url>https://www.last.fm/music/Joaqu%C3%ADn+Sabina</url>
            </artist>
            <image size="small"/>
            <image size="medium"/>
            <image size="large"/>
            <image size="extralarge"/>
        </album>
        <album>
            <name>Lo mejor de los mejores (disc 2)</name>
            <playcount>2672</playcount>
            <url>https://www.last.fm/music/Joaqu%C3%ADn+Sabina/Lo+mejor+de+los+mejores+(disc+2)</url>
            <artist>
                <name>Joaquín Sabina</name>
                <mbid>a992aada-7108-455d-9747-0b7b6a089e8d</mbid>
                <url>https://www.last.fm/music/Joaqu%C3%ADn+Sabina</url>
            </artist>
            <image size="small"/>
            <image size="medium"/>
            <image size="large"/>
            <image size="extralarge"/>
        </album>
        <album>
            <name>Juana La Loca</name>
            <playcount>5860</playcount>
            <url>https://www.last.fm/music/Joaqu%C3%ADn+Sabina/Juana+La+Loca</url>
            <artist>
                <name>Joaquín Sabina</name>
                <mbid>a992aada-7108-455d-9747-0b7b6a089e8d</mbid>
                <url>https://www.last.fm/music/Joaqu%C3%ADn+Sabina</url>
            </artist>
            <image size="small">https://lastfm.freetls.fastly.net/i/u/34s/4367cc06d1fc2bfc384ad2e5bc284e0b.png</image>
            <image size="medium">https://lastfm.freetls.fastly.net/i/u/64s/4367cc06d1fc2bfc384ad2e5bc284e0b.png</image>
            <image size="large">https://lastfm.freetls.fastly.net/i/u/174s/4367cc06d1fc2bfc384ad2e5bc284e0b.png</image>
            <image size="extralarge">https://lastfm.freetls.fastly.net/i/u/300x300/4367cc06d1fc2bfc384ad2e5bc284e0b.png</image>
        </album>
        <album>
            <name>Calamaro Querido!! Cantando Al Salmon</name>
            <playcount>3178</playcount>
            <url>https://www.last.fm/music/Joaqu%C3%ADn+Sabina/Calamaro+Querido%21%21+Cantando+Al+Salmon</url>
            <artist>
                <name>Joaquín Sabina</name>
                <mbid>a992aada-7108-455d-9747-0b7b6a089e8d</mbid>
                <url>https://www.last.fm/music/Joaqu%C3%ADn+Sabina</url>
            </artist>
            <image size="small"/>
            <image size="medium"/>
            <image size="large"/>
            <image size="extralarge"/>
        </album>
        <album>
            <name>Tiempo Después</name>
            <playcount>2524</playcount>
            <url>https://www.last.fm/music/Joaqu%C3%ADn+Sabina/Tiempo+Despu%C3%A9s</url>
            <artist>
                <name>Joaquín Sabina</name>
                <mbid>a992aada-7108-455d-9747-0b7b6a089e8d</mbid>
                <url>https://www.last.fm/music/Joaqu%C3%ADn+Sabina</url>
            </artist>
            <image size="small">https://lastfm.freetls.fastly.net/i/u/34s/a10626bdaeb7dd4087a443938cc519ee.png</image>
            <image size="medium">https://lastfm.freetls.fastly.net/i/u/64s/a10626bdaeb7dd4087a443938cc519ee.png</image>
            <image size="large">https://lastfm.freetls.fastly.net/i/u/174s/a10626bdaeb7dd4087a443938cc519ee.png</image>
            <image size="extralarge">https://lastfm.freetls.fastly.net/i/u/300x300/a10626bdaeb7dd4087a443938cc519ee.png</image>
        </album>
    </topalbums>
</lfm>