<?xml version="1.0" encoding="UTF-8"?>
<topalbums artist="Joaquín Sabina">
    <album>
        <name>Nos Sobran Los Motivos</name>
        <playcount>893079</playcount>
        <url>https://www.last.fm/music/Joaqu%C3%ADn+Sabina/Nos+Sobran+Los+Motivos</url>
    </album>
    <album>
        <name>19 Días y 500 Noches</name>
        <playcount>590252</playcount>
        <url>https://www.last.fm/music/Joaqu%C3%ADn+Sabina/19+D%C3%ADas+y+500+Noches</url>
    </album>
    <album>
        <name>Vinagre Y Rosas</name>
        <playcount>420366</playcount>
        <url>https://www.last.fm/music/Joaqu%C3%ADn+Sabina/Vinagre+Y+Rosas</url>
    </album>
    <album>
        <name>Esta Boca es Mía</name>
        <playcount>376821</playcount>
        <url>https://www.last.fm/music/Joaqu%C3%ADn+Sabina/Esta+Boca+es+M%C3%ADa</url>
    </album>
    <album>
        <name>Yo, mi, me, contigo</name>
        <playcount>350337</playcount>
        <url>https://www.last.fm/music/Joaqu%C3%ADn+Sabina/Yo,+mi,+me,+contigo</url>
    </album>
    <album>
        <name>Fisica Y Quimica</name>
        <playcount>347915</playcount>
        <url>https://www.last.fm/music/Joaqu%C3%ADn+Sabina/Fisica+Y+Quimica</url>
    </album>
    <album>
        <name>Dímelo en la Calle</name>
        <playcount>344579</playcount>
        <url>https://www.last.fm/music/Joaqu%C3%ADn+Sabina/D%C3%ADmelo+en+la+Calle</url>
    </album>
    <album>
        <name>Alivio de Luto</name>
        <playcount>332466</playcount>
        <url>https://www.last.fm/music/Joaqu%C3%ADn+Sabina/Alivio+de+Luto</url>
    </album>
    <album>
        <name>Mentiras Piadosas</name>
        <playcount>264205</playcount>
        <url>https://www.last.fm/music/Joaqu%C3%ADn+Sabina/Mentiras+Piadosas</url>
    </album>
    <album>
        <name>Esencial Joaquin Sabina</name>
        <playcount>200048</playcount>
        <url>https://www.last.fm/music/Joaqu%C3%ADn+Sabina/Esencial+Joaquin+Sabina</url>
    </album>
    <album>
        <name>Física y Química</name>
        <playcount>177645</playcount>
        <url>https://www.last.fm/music/Joaqu%C3%ADn+Sabina/F%C3%ADsica+y+Qu%C3%ADmica</url>
    </album>
    <album>
        <name>El Hombre Del Traje Gris</name>
        <playcount>174776</playcount>
        <url>https://www.last.fm/music/Joaqu%C3%ADn+Sabina/El+Hombre+Del+Traje+Gris</url>
    </album>
    <album>
        <name>Hotel, Dulce Hotel</name>
        <playcount>162559</playcount>
        <url>https://www.last.fm/music/Joaqu%C3%ADn+Sabina/Hotel,+Dulce+Hotel</url>
    </album>
    <album>
        <name>Diario De Un Peaton</name>
        <playcount>146917</playcount>
        <url>https://www.last.fm/music/Joaqu%C3%ADn+Sabina/Diario+De+Un+Peaton</url>
    </album>
    <album>
        <name>Malas Compañías</name>
        <playcount>125507</playcount>
        <url>https://www.last.fm/music/Joaqu%C3%ADn+Sabina/Malas+Compa%C3%B1%C3%ADas</url>
    </album>
    <album>
        <name>Juez y Parte</name>
        <playcount>100300</playcount>
        <url>https://www.last.fm/music/Joaqu%C3%ADn+Sabina/Juez+y+Parte</url>
    </album>
    <album>
        <name>Lo Niego Todo</name>
        <playcount>97269</playcount>
        <url>https://www.last.fm/music/Joaqu%C3%ADn+Sabina/Lo+Niego+Todo</url>
    </album>
    <album>
        <name>500 Noches para una Crisis (En Directo)</name>
        <playcount>94874</playcount>
        <url>https://www.last.fm/music/Joaqu%C3%ADn+Sabina/500+Noches+para+una+Crisis+(En+Directo)</url>
    </album>
    <album>
        <name>Inventario</name>
        <playcount>76185</playcount>
        <url>https://www.last.fm/music/Joaqu%C3%ADn+Sabina/Inventario</url>
    </album>
    <album>
        <name>En Directo</name>
        <playcount>74935</playcount>
        <url>https://www.last.fm/music/Joaqu%C3%ADn+Sabina/En+Directo</url>
    </album>
    <album>
        <name>Ruleta Rusa</name>
        <playcount>72299</playcount>
        <url>https://www.last.fm/music/Joaqu%C3%ADn+Sabina/Ruleta+Rusa</url>
    </album>
    <album>
        <name>Diario de un peatón</name>
        <playcount>52334</playcount>
        <url>https://www.last.fm/music/Joaqu%C3%ADn+Sabina/Diario+de+un+peat%C3%B3n</url>
    </album>
    <album>
        <name>Mucho Sabina</name>
        <playcount>51835</playcount>
        <url>https://www.last.fm/music/Joaqu%C3%ADn+Sabina/Mucho+Sabina</url>
    </album>
    <album>
        <name>19 Dias y 500 Noches</name>
        <playcount>43323</playcount>
        <url>https://www.last.fm/music/JOAQU%C3%8DN+SABINA/19+Dias+y+500+Noches</url>
    </album>
    <album>
        <name>Entre Todas las Mujeres</name>
        <playcount>39320</playcount>
        <url>https://www.last.fm/music/Joaqu%C3%ADn+Sabina/Entre+Todas+las+Mujeres</url>
    </album>
    <album>
        <name>Sabina 70</name>
        <playcount>38920</playcount>
        <url>https://www.last.fm/music/Joaqu%C3%ADn+Sabina/Sabina+70</url>
    </album>
    <album>
        <name>Parece Que Fue Ayer</name>
        <playcount>31950</playcount>
        <url>https://www.last.fm/music/Joaqu%C3%ADn+Sabina/Parece+Que+Fue+Ayer</url>
    </album>
    <album>
        <name>Esta Boca Es Mia</name>
        <playcount>26780</playcount>
        <url>https://www.last.fm/music/Joaqu%C3%ADn+Sabina/Esta+Boca+Es+Mia</url>
    </album>
    <album>
        <name>Todos Hablan de Ti</name>
        <playcount>25772</playcount>
        <url>https://www.last.fm/music/Joaqu%C3%ADn+Sabina/Todos+Hablan+de+Ti</url>
    </album>
    <album>
        <name>Enemigos Intimos</name>
        <playcount>25720</playcount>
        <url>https://www.last.fm/music/Joaqu%C3%ADn+Sabina/Enemigos+Intimos</url>
    </album>
    <album>
        <name>La Mandrágora</name>
        <playcount>20980</playcount>
        <url>https://www.last.fm/music/Joaqu%C3%ADn+Sabina/La+Mandr%C3%A1gora</url>
    </album>
    <album>
        <name>Calle Melancolía</name>
        <playcount>15995</playcount>
        <url>https://www.last.fm/music/Joaqu%C3%ADn+Sabina/Calle+Melancol%C3%ADa</url>
    </album>
    <album>
        <name>(null)</name>
        <playcount>15807</playcount>
        <url>https://www.last.fm/music/Joaqu%C3%ADn+Sabina/(null)</url>
    </album>
    <album>
        <name>Pongamos que Hablo De Madrid</name>
        <playcount>15714</playcount>
        <url>https://www.last.fm/music/Joaqu%C3%ADn+Sabina/Pongamos+que+Hablo+De+Madrid</url>
    </album>
    <album>
        <name>Yo, mí, me, contigo</name>
        <playcount>15101</playcount>
        <url>https://www.last.fm/music/Joaqu%C3%ADn+Sabina/Yo,+m%C3%AD,+me,+contigo</url>
    </album>
    <album>
        <name>Nos Sobran Los Motivos (Acústico 1)</name>
        <playcount>14493</playcount>
        <url>https://www.last.fm/music/Joaqu%C3%ADn+Sabina/Nos+Sobran+Los+Motivos+(Ac%C3%BAstico+1)</url>
    </album>
    <album>
        <name>Concierto Salamanca</name>
        <playcount>13565</playcount>
        <url>https://www.last.fm/music/Joaqu%C3%ADn+Sabina/Concierto+Salamanca</url>
    </album>
    <album>
        <name>title</name>
        <playcount>11032</playcount>
        <url>https://www.last.fm/music/Joaqu%C3%ADn+Sabina/title</url>
    </album>
    <album>
        <name>La Mandragora</name>
        <playcount>10120</playcount>
        <url>https://www.last.fm/music/Joaqu%C3%ADn+Sabina/La+Mandragora</url>
    </album>
    <album>
        <name>Cosas Tuyas</name>
        <playcount>8787</playcount>
        <url>https://www.last.fm/music/Joaqu%C3%ADn+Sabina/Cosas+Tuyas</url>
    </album>
    <album>
        <name>Dos Pajaros De Un Tiro</name>
        <playcount>8171</playcount>
        <url>https://www.last.fm/music/Joaqu%C3%ADn+Sabina/Dos+Pajaros+De+Un+Tiro</url>
    </album>
    <album>
        <name>Juana La Loca Y Otros Grandes Éxitos</name>
        <playcount>7369</playcount>
        <url>https://www.last.fm/music/Joaqu%C3%ADn+Sabina/Juana+La+Loca+Y+Otros+Grandes+%C3%89xitos</url>
    </album>
    <album>
        <name>Tiramisu de Limon</name>
        <playcount>7204</playcount>
        <url>https://www.last.fm/music/Joaqu%C3%ADn+Sabina/Tiramisu+de+Limon</url>
    </album>
    <album>
        <name>Juana La Loca</name>
        <playcount>5860</playcount>
        <url>https://www.last.fm/music/Joaqu%C3%ADn+Sabina/Juana+La+Loca</url>
    </album>
    <album>
        <name>Motivos De Un Sentimiento</name>
        <playcount>5449</playcount>
        <url>https://www.last.fm/music/Joaqu%C3%ADn+Sabina/Motivos+De+Un+Sentimiento</url>
    </album>
    <album>
        <name>Para Aute: Pasaba por Aquí (feat. Abel Pintos, Carlos Rivera, Dani Martin, Estopa, Ismael Serrano, Jorge Drexler, Pedro Guerra, Silvio Rodríguez, Vanesa Martin y Xoel López)</name>
        <playcount>4401</playcount>
        <url>https://www.last.fm/music/Joaqu%C3%ADn+Sabina/Para+Aute:+Pasaba+por+Aqu%C3%AD+(feat.+Abel+Pintos,+Carlos+Rivera,+Dani+Martin,+Estopa,+Ismael+Serrano,+Jorge+Drexler,+Pedro+Guerra,+Silvio+Rodr%C3%ADguez,+Vanesa+Martin+y+Xoel+L%C3%B3pez)</url>
    </album>
    <album>
        <name>Calamaro Querido!! Cantando Al Salmon</name>
        <playcount>3178</playcount>
        <url>https://www.last.fm/music/Joaqu%C3%ADn+Sabina/Calamaro+Querido%21%21+Cantando+Al+Salmon</url>
    </album>
    <album>
        <name>Cerrado por derribo</name>
        <playcount>3152</playcount>
        <url>https://www.last.fm/music/Joaqu%C3%ADn+Sabina/Cerrado+por+derribo</url>
    </album>
    <album>
        <name>Lo mejor de los mejores (disc 2)</name>
        <playcount>2672</playcount>
        <url>https://www.last.fm/music/Joaqu%C3%ADn+Sabina/Lo+mejor+de+los+mejores+(disc+2)</url>
    </album>
    <album>
        <name>Tiempo Después</name>
        <playcount>2524</playcount>
        <url>https://www.last.fm/music/Joaqu%C3%ADn+Sabina/Tiempo+Despu%C3%A9s</url>
    </album>
</topalbums>
